[
 {
  "Index": 0,
  "Data": [
   {
    "Timestamp": "0",
    "Buyer": 0,
    "Seller": 0,
    "Money": 0,
    "Energy": 0
   }
  ],
  "Hash": "f1534392279bddbf9d43dde8701cb5be14b82f76ec6607bf8d6ad557f60f304e",
  "PrevHash": "",
  "Difficulty": 0,
  "Nonce": "",
  "LeaderID": 0
 },
 {
  "Index": 1,
  "Data": [
   {
    "Timestamp": "2022-02-25 21:02:13.2813702 +0800 +08 m=+101.536277601",
    "Buyer": 99,
    "Seller": 4,
    "Money": 100,
    "Energy": 0
   },
   {
    "Timestamp": "2022-02-25 21:02:13.6701782 +0800 +08 m=+101.925085601",
    "Buyer": 99,
    "Seller": 5,
    "Money": 100,
    "Energy": 0
   },
   {
    "Timestamp": "2022-02-25 21:02:14.0467165 +0800 +08 m=+102.301623901",
    "Buyer": 99,
    "Seller": 6,
    "Money": 100,
    "Energy": 0
   },
   {
    "Timestamp": "2022-02-25 21:02:14.3679914 +0800 +08 m=+102.622898801",
    "Buyer": 99,
    "Seller": 7,
    "Money": 100,
    "Energy": 0
   },
   {
    "Timestamp": "2022-02-25 21:02:14.7348207 +0800 +08 m=+102.989728101",
    "Buyer": 99,
    "Seller": 8,
    "Money": 100,
    "Energy": 0
   }
  ],
  "Hash": "e14cded4ce9a5985f4fd7a62f5a26aecefe1c8537c3f6a4f0f0b0358cec8f98f",
  "PrevHash": "f1534392279bddbf9d43dde8701cb5be14b82f76ec6607bf8d6ad557f60f304e",
  "Difficulty": 0,
  "Nonce": "0",
  "LeaderID": 1
 },
 {
  "Index": 2,
  "Data": [
   {
    "Timestamp": "2022-02-25 21:02:57.0646 +0800 +08 m=+145.319507401",
    "Buyer": 99,
    "Seller": 9,
    "Money": 100,
    "Energy": 0
   }
  ],
  "Hash": "1969681b57485aad8ff731666fe47aef5438cd1275222be821f4a1e82dfbfd6c",
  "PrevHash": "e14cded4ce9a5985f4fd7a62f5a26aecefe1c8537c3f6a4f0f0b0358cec8f98f",
  "Difficulty": 0,
  "Nonce": "0",
  "LeaderID": 2
 },
 {
  "Index": 3,
  "Data": [
   {
    "Timestamp": "2022-02-25 21:02:58.3030894 +0800 +08 m=+146.557996801",
    "Buyer": 99,
    "Seller": 10,
    "Money": 100,
    "Energy": 0
   }
  ],
  "Hash": "d73fc02450abf29ba2a745674b8b1159ed3035637699bfe0260addb3a3ef7465",
  "PrevHash": "1969681b57485aad8ff731666fe47aef5438cd1275222be821f4a1e82dfbfd6c",
  "Difficulty": 0,
  "Nonce": "0",
  "LeaderID": 3
 },
 {
  "Index": 4,
  "Data": [
   {
    "Timestamp": "2022-02-25 21:02:58.7726417 +0800 +08 m=+147.027549101",
    "Buyer": 99,
    "Seller": 4,
    "Money": 100,
    "Energy": 0
   },
   {
    "Timestamp": "2022-02-25 21:02:58.7726417 +0800 +08 m=+147.027549101",
    "Buyer": 99,
    "Seller": 5,
    "Money": 100,
    "Energy": 0
   },
   {
    "Timestamp": "2022-02-25 21:02:58.7726417 +0800 +08 m=+147.027549101",
    "Buyer": 99,
    "Seller": 6,
    "Money": 100,
    "Energy": 0
   },
   {
    "Timestamp": "2022-02-25 21:02:58.7726417 +0800 +08 m=+147.027549101",
    "Buyer": 99,
    "Seller": 7,
    "Money": 100,
    "Energy": 0
   },
   {
    "Timestamp": "2022-02-25 21:02:58.7726417 +0800 +08 m=+147.027549101",
    "Buyer": 99,
    "Seller": 8,
    "Money": 100,
    "Energy": 0
   },
   {
    "Timestamp": "2022-02-25 21:02:58.7726417 +0800 +08 m=+147.027549101",
    "Buyer": 99,
    "Seller": 9,
    "Money": 100,
    "Energy": 0
   },
   {
    "Timestamp": "2022-02-25 21:02:58.7726417 +0800 +08 m=+147.027549101",
    "Buyer": 99,
    "Seller": 10,
    "Money": 100,
    "Energy": 0
   }
  ],
  "Hash": "b1094708055d3c87abfbbd58f880d985090f7f05f2712906dba5efc169e80b53",
  "PrevHash": "d73fc02450abf29ba2a745674b8b1159ed3035637699bfe0260addb3a3ef7465",
  "Difficulty": 0,
  "Nonce": "0",
  "LeaderID": 1
 }
]